ETA,VIN,Year,Model,Hold Status,Pre-Sold,Shipping Status,Total MSRP,Exterior Color,Interior Color,Distance,Dealer,Dealer Website,SmartPath,Options
2023-12-23,5TDBRKEC0RS186257,2024,Sienna LE,Available,False,Factory to port,41922,Blueprint,Gray Woven Fabric,54,Toyota of Melbourne,https://www.toyotaofmelbourne.com,True,50 State Emissions | 6-Gallons of Gas | Clear Paint Protection - Door Package | LE Plus Package: | Lifetime Powertrain Warranty | Melbourne Value Package  | Phone Cable Charge Package | SET Digital Portfolio | TOYOGUARD Platinum | Temporary Spare Tire
2023-12-23,5TDBRKEC2RS186230,2024,Sienna LE,Available,False,Factory to port,41673,Predawn Gray Mica,Gray Woven Fabric,119,Venice Toyota,https://www.venicetoyota.com,False,50 State Emissions | 6-Gallons of Gas | LE Plus Package: | Phone Cable Charge Package | SET Digital Portfolio | TOYOGUARD Platinum | Temporary Spare Tire
2023-12-03,5TDBRKEC3RS184762,2024,Sienna LE,Available,False,At dealer,42654,Ice Cap,Gray Woven Fabric,112,Coggin Toyota at the Avenues,https://www.coggintoyota.com,False,50 State Emissions | 6-Gallons of Gas | Clear Paint Protection - Door Package | Clear Paint Protection - Full Hood Package | Cross Bars | LE Plus Package: | Phone Cable Charge Package | SET Digital Portfolio | TOYOGUARD Platinum | Temporary Spare Tire
2023-12-11,5TDBRKEC7RS185252,2024,Sienna LE,Available,False,Factory to port,42687,Ruby Flare Pearl [extra_cost_color],Gray Woven Fabric,89,Toyota of Vero Beach,https://www.verobeachtoyota.com,False,50 State Emissions | 6-Gallons of Gas | All Weather Floor Mats | Cross Bars | LE Plus Package: | SET Digital Portfolio | SPECIAL COLOR | TOYOGUARD Platinum | Temporary Spare Tire
2023-12-25,5TDBRKEC9RS48D869,2024,Sienna LE,Available,False,Factory to port,41324,Celestial Silver Metallic,Gray Woven Fabric,4,Toyota of Orlando,https://www.toyotaoforlando.com,False,50 State Emissions | 6-Gallons of Gas | Carpet Floor Mats | LE Plus Package: | Southeast Toyota Distributor | Temporary Spare Tire
2023-12-20,5TDCSKFC2RS115830,2024,Sienna Woodland Edition,DealerHold,False,Factory to port,51799,Midnight Black Metallic,Gray Flannel + Black Embossed Softex® [softex],180,Lipton Toyota,https://www.liptontoyota.com,False,50 State Emissions | 6-Gallons of Gas | Mudguards | Rear Seat Entertainment System- | SET Digital Portfolio | TOYOGUARD Platinum | Temporary Spare Tire | WOODLAND EDITION
2023-12-25,5TDCSKFCXRS116031,2024,Sienna Woodland Edition,DealerHold,False,Factory to port,51799,Cement,Gray Flannel + Black Embossed Softex® [softex],137,AutoNation Toyota Fort Myers,https://www.autonationtoyotafortmyers.com,True,50 State Emissions | 6-Gallons of Gas | Mudguards | Rear Seat Entertainment System- | SET Digital Portfolio | TOYOGUARD Platinum | Temporary Spare Tire | WOODLAND EDITION
2023-12-26,5TDDRKEC2RS48E273,2024,Sienna XSE,Available,False,Factory to port,48654,Ruby Flare Pearl [extra_cost_color],Gray Flannel + Black Embossed Softex® [softex],33,Phillips Toyota,https://www.phillipstoyota.com,False,1500W Inverter with Two 120V AC Outlets | 50 State Emissions | 6-Gallons of Gas | Mudguards | SET Digital Portfolio | SPECIAL COLOR | TOYOGUARD Platinum | XSE Plus Package:
2023-12-19,5TDDRKEC7RS185695,2024,Sienna XSE,DealerHold,False,Factory to port,49505,Celestial Silver Metallic,Gray Flannel + Black Embossed Softex® [softex],137,I-75 Toyota of Lake City,https://www.i75toyota.com,False,1500W Inverter with Two 120V AC Outlets | 50 State Emissions | 6-Gallons of Gas | Illuminated Door Sills | Mudguards | Paint Protection Film - Hood & Door Package | Phone Cable Charge Package | SET Digital Portfolio | TOYOGUARD Platinum | XSE Plus Package:
2023-12-24,5TDDRKEC7RS186071,2024,Sienna XSE,Available,False,Factory to port,47959,Celestial Silver Metallic,Gray Flannel + Black Embossed Softex® [softex],18,Toyota of Clermont,https://www.toyotaofclermont.com,False,1500W Inverter with Two 120V AC Outlets | 50 State Emissions | 6-Gallons of Gas | All Weather Floor Mats | Mudguards | Southeast Toyota Distributor | XSE Plus Package:
2023-12-23,5TDDRKEC7RS186247,2024,Sienna XSE,DealerHold,False,Factory to port,49674,Ice Cap,Moonstone + Grey Embossed Softex® [softex],172,Al Hendrickson Toyota,https://www.alhendricksontoyota.com,False,1500W Inverter with Two 120V AC Outlets | 50 State Emissions | 6-Gallons of Gas | Carpet Floor Mats | Clear Paint Protection - Door Package | Cross Bars | Illuminated Door Sills | Mudguards | Phone Cable Charge Package | Southeast Toyota Distributor | TOYOGUARD Platinum | XSE Plus Package:
2023-12-27,5TDDRKEC8RS48E018,2024,Sienna XSE,Available,False,Factory to port,47959,Ice Cap,Gray Flannel + Black Embossed Softex® [softex],4,Toyota of Orlando,https://www.toyotaoforlando.com,False,1500W Inverter with Two 120V AC Outlets | 50 State Emissions | 6-Gallons of Gas | Carpet Floor Mats | Mudguards | Southeast Toyota Distributor | XSE Plus Package:
2023-12-20,5TDDRKECXRS186131,2024,Sienna XSE,Available,False,Factory to port,48408,Blueprint,Gray Flannel + Black Embossed Softex® [softex],116,Keith Pierson Toyota,https://www.keithpiersontoyota.com,False,1500W Inverter with Two 120V AC Outlets | 50 State Emissions | 6-Gallons of Gas | Carpet Floor Mats | Illuminated Door Sills | Mudguards | SET Digital Portfolio | XSE Plus Package:
2023-12-31,5TDERKEC2RS48E553,2024,Sienna Platinum,Available,False,Factory to port,55837,Wind Chill Pearl [extra_cost_color],Nobel Brown Leather,99,Gettel Toyota of Lakewood,https://www.getteltoyotaoflakewood.com,False,50 State Emissions | 6-Gallons of Gas | Carpet Floor Mats | Mudguards | Phone Cable Charge Package | Platinum Package | SET Digital Portfolio | SPECIAL COLOR | TOYOGUARD Platinum | Temporary Spare Tire
2023-12-31,5TDERKEC2RS48F122,2024,Sienna Platinum,Available,False,Factory to port,57772,Wind Chill Pearl [extra_cost_color],Nobel Brown Leather,89,Beaver Toyota of St. Augustine,https://www.beavertoyotastaugustine.com,True,1500W Inverter with Two 120V AC Outlets | 50 State Emissions | 6-Gallons of Gas | Digital Rear View Mirror with Homelink | Illuminated Door Sills | Mudguards | Phone Cable Charge Package | Platinum Package | Rear Seat Entertainment System- | SET Digital Portfolio | SPECIAL COLOR | TOYOGUARD Platinum | Temporary Spare Tire
2023-11-26,5TDERKEC3RS184144,2024,Sienna Platinum,,False,At dealer,57764,Cypress,Nobel Brown Leather,73,Toyota of Tampa Bay,https://www.toyotaoftampabay.com,False,1500W Inverter with Two 120V AC Outlets | 50 State Emissions | 6-Gallons of Gas | Clear Paint Protection - Door Package | Clear Paint Protection - Full Hood Package | Illuminated Door Sills | Mudguards | Phone Cable Charge Package | Platinum Package | Rear Seat Entertainment System- | SET Digital Portfolio | TOYOGUARD Platinum
2023-12-23,5TDERKEC3RS186251,2024,Sienna Platinum,Available,False,Factory to port,56455,Celestial Silver Metallic,Nobel Brown Leather,78,Gettel Stadium Toyota,https://www.stadiumtoyota.com,False,50 State Emissions | 6-Gallons of Gas | Carpet Floor Mats | Illuminated Door Sills | Mudguards | Paint Protection Film - Hood & Door Package | Platinum Package | SET Digital Portfolio | TOYOGUARD Platinum
2023-10-11,5TDERKEC4PS179208,2023,Sienna Platinum,DealerHold,False,At dealer,56211,Predawn Gray Mica,Nobel Brown Leather,144,Earl Stewart Toyota of North Palm Beach,https://www.earlstewarttoyota.com,True,1500W inverter | 50 State Emissions | 6-Gallons of Gas | Carpet Floor Mats | Clear Paint Protection - Door Package | Entertainment Package | Phone Cable Charge Package | Platinum Package | SET Digital Portfolio | Spare tire
2023-12-27,5TDERKEC7RS48E242,2024,Sienna Platinum,DealerHold,False,Factory to port,58684,Wind Chill Pearl [extra_cost_color],Nobel Brown Leather,112,Coggin Toyota at the Avenues,https://www.coggintoyota.com,False,1500W Inverter with Two 120V AC Outlets | 50 State Emissions | 6-Gallons of Gas | Clear Paint Protection - Door Package | Clear Paint Protection - Full Hood Package | Cross Bars | Digital Rear View Mirror with Homelink | Illuminated Door Sills | Mudguards | Phone Cable Charge Package | Platinum Package | Rear Seat Entertainment System- | SET Digital Portfolio | SPECIAL COLOR | TOYOGUARD Platinum
2023-12-23,5TDERKEC8RS186066,2024,Sienna Platinum,Available,False,Factory to port,57321,Blueprint,Nobel Brown Leather,54,Toyota of Melbourne,https://www.toyotaofmelbourne.com,True,1500W Inverter with Two 120V AC Outlets | 50 State Emissions | 6-Gallons of Gas | Clear Paint Protection - Door Package | Illuminated Door Sills | Lifetime Powertrain Warranty | Mudguards | Phone Cable Charge Package | Platinum Package | Rear Seat Entertainment System- | SET Digital Portfolio | TOYOGUARD Platinum
2023-12-30,5TDERKEC8RS48E380,2024,Sienna Platinum,DealerHold,False,Factory to port,58250,Wind Chill Pearl [extra_cost_color],Nobel Brown Leather,166,Ed Morse Delray Toyota,https://www.delraytoyota.com,False,1500W Inverter with Two 120V AC Outlets | 50 State Emissions | 6-Gallons of Gas | All Weather Floor Mats | Clear Paint Protection - Door Package | Illuminated Door Sills | Mudguards | Phone Cable Charge Package | Platinum Package | Rear Seat Entertainment System- | SET Digital Portfolio | SPECIAL COLOR | TOYOGUARD Platinum | Temporary Spare Tire
2023-12-25,5TDERKEC9RS48D819,2024,Sienna Platinum,Available,False,Factory to port,55527,Blueprint,Nobel Brown Leather,37,Mike Erdman Toyota,https://www.mikeerdmantoyota.com,False,50 State Emissions | 6-Gallons of Gas | Clear Paint Protection - Door Package | Illuminated Door Sills | Mudguards | Platinum Package | SET Digital Portfolio | TOYOGUARD Platinum
2023-12-12,5TDERKECXRS185257,2024,Sienna Platinum,DealerHold,False,Factory to port,57034,Ruby Flare Pearl [extra_cost_color],Nobel Brown Leather,172,Al Hendrickson Toyota,https://www.alhendricksontoyota.com,False,50 State Emissions | 6-Gallons of Gas | Carpet Floor Mats | Illuminated Door Sills | Mudguards | Paint Protection Film - Hood & Door Package | Phone Cable Charge Package | Platinum Package | SET Digital Portfolio | SPECIAL COLOR | TOYOGUARD Platinum | Temporary Spare Tire
2023-12-25,5TDERKECXRS48D795,2024,Sienna Platinum,DealerHold,False,Factory to port,55778,Wind Chill Pearl [extra_cost_color],Nobel Brown Leather,113,Sarasota Toyota,https://www.sarasotatoyota.com,False,50 State Emissions | 6-Gallons of Gas | Illuminated Door Sills | Mudguards | Platinum Package | SET Digital Portfolio | SPECIAL COLOR | TOYOGUARD Platinum | Temporary Spare Tire
2023-12-18,5TDESKFC0RS114846,2024,Sienna Platinum,DealerHold,False,Factory to port,58556,Wind Chill Pearl [extra_cost_color],Nobel Brown Leather,173,Toyota of Deerfield Beach,https://www.toyotaofdeerfieldbeach.com,False,1500W Inverter with Two 120V AC Outlets | 50 State Emissions | 6-Gallons of Gas | Mudguards | Paint Protection Film - Hood & Door Package | Phone Cable Charge Package | Platinum Package | Rear Seat Entertainment System- | SET Digital Portfolio | SPECIAL COLOR | TOYOGUARD Platinum
2023-12-09,5TDESKFC2RS113407,2024,Sienna Platinum,Available,False,At dealer,57681,Celestial Silver Metallic,Nobel Brown Leather,187,I-95 Toyota of Brunswick,https://www.i95toyota.com,False,1500W Inverter with Two 120V AC Outlets | 50 State Emissions | 6-Gallons of Gas | All Weather Floor Mats | Mudguards | Phone Cable Charge Package | Platinum Package | Rear Seat Entertainment System- | Southeast Toyota Distributor | TOYOGUARD Platinum | Temporary Spare Tire: Removes 2nd-Row
2023-12-25,5TDJRKEC0RS48D657,2024,Sienna XLE,Available,False,Factory to port,48494,Midnight Black Metallic,Graphite Embossed Softex® [softex],112,Coggin Toyota at the Avenues,https://www.coggintoyota.com,False,1500W Inverter with Two 120V AC Outlets | 50 State Emissions | 6-Gallons of Gas | Clear Paint Protection - Door Package | Clear Paint Protection - Full Hood Package | Cross Bars | Illuminated Door Sills | Mudguards | Phone Cable Charge Package | SET Digital Portfolio | TOYOGUARD Platinum | XLE Plus Package:
2023-12-27,5TDJRKEC0RS48E064,2024,Sienna XLE,Available,False,Factory to port,48255,Predawn Gray Mica,Graphite Embossed Softex® [softex],123,Arlington Toyota,https://www.arlingtontoyota.com,False,1500W Inverter with Two 120V AC Outlets | 50 State Emissions | 6-Gallons of Gas | Illuminated Door Sills | Mudguards | Paint Protection Film - Hood & Door Package | Phone Cable Charge Package | SET Digital Portfolio | TOYOGUARD Platinum | XLE Plus Package:
2023-12-27,5TDJRKEC0RS48F067,2024,Sienna XLE,Available,False,Factory to port,47583,Wind Chill Pearl [extra_cost_color],Graphite Embossed Softex® [softex],116,Keith Pierson Toyota,https://www.keithpiersontoyota.com,False,1500W Inverter with Two 120V AC Outlets | 50 State Emissions | 6-Gallons of Gas | Carpet Floor Mats | Illuminated Door Sills | Mudguards | SET Digital Portfolio | SPECIAL COLOR | XLE Plus Package:
2023-12-19,5TDJRKEC1RS185744,2024,Sienna XLE,Available,False,Factory to port,47207,Predawn Gray Mica,Chataeu Embossed Softex® [softex],97,Gatorland Toyota,https://www.gatorlandtoyota.com,False,50 State Emissions | 6-Gallons of Gas | Illuminated Door Sills | Mudguards | Phone Cable Charge Package | SET Digital Portfolio | TOYOGUARD Platinum | XLE Plus Package:
2023-12-31,5TDJRKEC1RS48E977,2024,Sienna XLE,Available,False,Factory to port,47186,Midnight Black Metallic,Graphite Embossed Softex® [softex],144,Earl Stewart Toyota of North Palm Beach,https://www.earlstewarttoyota.com,True,50 State Emissions | 6-Gallons of Gas | Carpet Floor Mats | Clear Paint Protection - Door Package | Illuminated Door Sills | Mudguards | Phone Cable Charge Package | SET Digital Portfolio | XLE Plus Package:
2023-12-31,5TDJRKEC2RS48E812,2024,Sienna XLE,Available,False,Factory to port,48185,Predawn Gray Mica,Graphite Embossed Softex® [softex],218,South Dade Toyota,https://www.southdadetoyota.com,True,1500W Inverter with Two 120V AC Outlets | 50 State Emissions | 6-Gallons of Gas | All Weather Floor Mats | All Weather Tri-Fold Cargo Liner | Illuminated Door Sills | Mudguards | Phone Cable Charge Package | SET Digital Portfolio | TOYOGUARD Platinum | XLE Plus Package:
2023-12-06,5TDJRKEC5RS184998,2024,Sienna XLE,Available,False,At dealer,48185,Predawn Gray Mica,Chataeu Embossed Softex® [softex],166,Ed Morse Delray Toyota,https://www.delraytoyota.com,False,1500W Inverter with Two 120V AC Outlets | 50 State Emissions | 6-Gallons of Gas | All Weather Floor Mats | Clear Paint Protection - Door Package | Illuminated Door Sills | Mudguards | Phone Cable Charge Package | SET Digital Portfolio | TOYOGUARD Platinum | XLE Plus Package:
2023-12-30,5TDJRKEC5RS48E478,2024,Sienna XLE,Available,False,Factory to port,47853,Ruby Flare Pearl [extra_cost_color],Chataeu Embossed Softex® [softex],48,Lakeland Toyota,https://www.lakelandtoyota.com,False,1500W Inverter with Two 120V AC Outlets | 50 State Emissions | 6-Gallons of Gas | Illuminated Door Sills | Mudguards | SET Digital Portfolio | SPECIAL COLOR | TOYOGUARD Platinum | XLE Plus Package:
2023-12-23,5TDJRKEC7RS185957,2024,Sienna XLE,Available,False,Factory to port,48194,Predawn Gray Mica,Graphite Embossed Softex® [softex],112,Coggin Toyota at the Avenues,https://www.coggintoyota.com,False,50 State Emissions | 6-Gallons of Gas | Clear Paint Protection - Door Package | Clear Paint Protection - Full Hood Package | Cross Bars | Illuminated Door Sills | Mudguards | Phone Cable Charge Package | SET Digital Portfolio | TOYOGUARD Platinum | XLE Plus Package:
2023-12-25,5TDJRKEC7RS48D719,2024,Sienna XLE,Available,False,Factory to port,47307,Sunset Bronze Mica,Graphite Embossed Softex® [softex],64,DeLuca Toyota,https://www.delucatoyota.com,False,1500W Inverter with Two 120V AC Outlets | 50 State Emissions | 6-Gallons of Gas | Clear Paint Protection - Door Package | Mudguards | Phone Cable Charge Package | SET Digital Portfolio | TOYOGUARD Platinum | XLE Plus Package:
2023-12-26,5TDJRKEC7RS48E403,2024,Sienna XLE,DealerHold,False,Factory to port,48610,Wind Chill Pearl [extra_cost_color],Chataeu Embossed Softex® [softex],166,Ed Morse Delray Toyota,https://www.delraytoyota.com,False,1500W Inverter with Two 120V AC Outlets | 50 State Emissions | 6-Gallons of Gas | All Weather Floor Mats | Clear Paint Protection - Door Package | Illuminated Door Sills | Mudguards | Phone Cable Charge Package | SET Digital Portfolio | SPECIAL COLOR | TOYOGUARD Platinum | XLE Plus Package:
2023-12-27,5TDJRKEC7RS48E823,2024,Sienna XLE,Available,True,Factory to port,46280,Celestial Silver Metallic,Chataeu Embossed Softex® [softex],5,AutoNation Toyota Winter Park,https://www.autonationtoyotawinterpark.com,True,1500W Inverter with Two 120V AC Outlets | 50 State Emissions | 6-Gallons of Gas | Mudguards | SET Digital Portfolio | XLE Plus Package:
2023-12-31,5TDJRKEC8RS48E149,2024,Sienna XLE,Available,False,Factory to port,47806,Celestial Silver Metallic,Graphite Embossed Softex® [softex],173,Toyota of Deerfield Beach,https://www.toyotaofdeerfieldbeach.com,False,1500W Inverter with Two 120V AC Outlets | 50 State Emissions | 6-Gallons of Gas | Mudguards | Paint Protection Film - Hood & Door Package | Phone Cable Charge Package | SET Digital Portfolio | TOYOGUARD Platinum | XLE Plus Package:
2023-12-30,5TDJRKEC9RS48E323,2024,Sienna XLE,Available,False,Factory to port,46979,Predawn Gray Mica,Graphite Embossed Softex® [softex],137,AutoNation Toyota Fort Myers,https://www.autonationtoyotafortmyers.com,True,1500W Inverter with Two 120V AC Outlets | 50 State Emissions | 6-Gallons of Gas | Mudguards | SET Digital Portfolio | TOYOGUARD Platinum | XLE Plus Package:
2023-12-20,5TDKRKEC0RS185996,2024,Sienna LE,DealerHold,False,Factory to port,39174,Ice Cap,Gray Woven Fabric,192,Headquarter Toyota,https://www.headquartertoyota.com,False,50 State Emissions | 6-Gallons of Gas | Carpet Floor Mats | Roof Rails | Southeast Toyota Distributor | Temporary Spare Tire
2023-12-18,5TDKRKEC1RS185151,2024,Sienna LE,DealerHold,False,Factory to port,40201,Predawn Gray Mica,Gray Woven Fabric,166,Ed Morse Delray Toyota,https://www.delraytoyota.com,False,50 State Emissions | 6-Gallons of Gas | All Weather Floor Mats | Clear Paint Protection - Door Package | Phone Cable Charge Package | Roof Rails | SET Digital Portfolio | TOYOGUARD Platinum | Temporary Spare Tire
2023-12-20,5TDKRKEC1RS185988,2024,Sienna LE,Available,False,Factory to port,39444,Ice Cap,Gray Woven Fabric,73,Sebring Toyota,https://www.sebringtoyota.com,False,50 State Emissions | 6-Gallons of Gas | Roof Rails | SET Digital Portfolio | TOYOGUARD Platinum | Temporary Spare Tire
2023-12-10,5TDKRKEC3RS185426,2024,Sienna LE,,False,At dealer,40122,Celestial Silver Metallic,Gray Woven Fabric,120,Treasure Coast Toyota of Stuart,https://www.treasurecoasttoyotaofstuart.com,True,50 State Emissions | 6-Gallons of Gas | Carpet Floor Mats | Clear Paint Protection - Door Package | Roof Rails | Southeast Toyota Distributor | TOYOGUARD Platinum | Temporary Spare Tire
2023-12-25,5TDKRKEC5RS48E582,2024,Sienna LE,Available,False,Factory to port,40271,Midnight Black Metallic,Gray Woven Fabric,173,Toyota of Deerfield Beach,https://www.toyotaofdeerfieldbeach.com,False,50 State Emissions | 6-Gallons of Gas | Paint Protection Film - Hood & Door Package | Phone Cable Charge Package | Roof Rails | SET Digital Portfolio | TOYOGUARD Platinum | Temporary Spare Tire
2023-12-19,5TDKRKEC7RS185784,2024,Sienna LE,DealerHold,False,Factory to port,40271,Celestial Silver Metallic,Gray Woven Fabric,173,Toyota of Deerfield Beach,https://www.toyotaofdeerfieldbeach.com,False,50 State Emissions | 6-Gallons of Gas | Paint Protection Film - Hood & Door Package | Phone Cable Charge Package | Roof Rails | SET Digital Portfolio | TOYOGUARD Platinum | Temporary Spare Tire
2023-12-27,5TDKRKEC7RS48E163,2024,Sienna LE,DealerHold,False,Factory to port,39869,Ruby Flare Pearl [extra_cost_color],Gray Woven Fabric,137,AutoNation Toyota Fort Myers,https://www.autonationtoyotafortmyers.com,True,50 State Emissions | 6-Gallons of Gas | Roof Rails | SET Digital Portfolio | SPECIAL COLOR | TOYOGUARD Platinum | Temporary Spare Tire
2023-12-18,5TDKRKECXRS185357,2024,Sienna LE,DealerHold,False,Factory to port,39174,Ice Cap,Gray Woven Fabric,72,Courtesy Toyota,https://www.courtesytoyota.com,False,50 State Emissions | 6-Gallons of Gas | All Weather Floor Mats | Roof Rails | SET Digital Portfolio | Temporary Spare Tire
2023-12-30,5TDKRKECXRS48D864,2024,Sienna LE,Available,False,Factory to port,40322,Blueprint,Gray Woven Fabric,89,Toyota of Vero Beach,https://www.verobeachtoyota.com,False,50 State Emissions | 6-Gallons of Gas | Carpet Floor Mats | Illuminated Door Sills | Roof Rails | SET Digital Portfolio | TOYOGUARD Platinum | Temporary Spare Tire
2023-12-25,5TDXRKEC4RS48D560,2024,Sienna XSE,Available,False,Factory to port,46809,Celestial Silver Metallic,Moonstone + Grey Embossed Softex® [softex],18,Toyota of Clermont,https://www.toyotaofclermont.com,False,50 State Emissions | 6-Gallons of Gas | All Weather Floor Mats | Mudguards | Roof Rails | Southeast Toyota Distributor
2023-12-25,5TDXRKEC5RS48E135,2024,Sienna XSE,DealerHold,False,Factory to port,48784,Celestial Silver Metallic,Gray Flannel + Black Embossed Softex® [softex],172,Al Hendrickson Toyota,https://www.alhendricksontoyota.com,False,50 State Emissions | 6-Gallons of Gas | Carpet Floor Mats | Illuminated Door Sills | Mudguards | Paint Protection Film - Hood & Door Package | Phone Cable Charge Package | Roof Rails | SET Digital Portfolio | TOYOGUARD Platinum
2023-12-20,5TDXRKEC6RS186043,2024,Sienna XSE,DealerHold,False,Factory to port,47079,Midnight Black Metallic,Moonstone + Grey Embossed Softex® [softex],172,Al Hendrickson Toyota,https://www.alhendricksontoyota.com,False,50 State Emissions | 6-Gallons of Gas | Mudguards | Roof Rails | SET Digital Portfolio | TOYOGUARD Platinum
2023-12-25,5TDXRKEC9RS186120,2024,Sienna XSE,Available,False,Factory to port,48206,Ice Cap,Gray Flannel + Black Embossed Softex® [softex],72,Courtesy Toyota,https://www.courtesytoyota.com,False,50 State Emissions | 6-Gallons of Gas | Carpet Floor Mats | Clear Paint Protection - Door Package | Illuminated Door Sills | Mudguards | Roof Rails | SET Digital Portfolio | TOYOGUARD Platinum
2024-01-07,5TDXSKFCXRS50P374,2024,Sienna XSE,DealerHold,False,Factory to port,47270,Midnight Black Metallic,Gray Flannel + Black Embossed Softex® [softex],173,Toyota of Deerfield Beach,https://www.toyotaofdeerfieldbeach.com,False,50 State Emissions | 6-Gallons of Gas | Mudguards | Roof Rails | SET Digital Portfolio
2023-12-10,5TDYRKEC0RS184826,2024,Sienna XLE,,False,Factory to port,45278,Blueprint,Chataeu Embossed Softex® [softex],137,AutoNation Toyota Fort Myers,https://www.autonationtoyotafortmyers.com,True,50 State Emissions | 6-Gallons of Gas | Illuminated Door Sills | Mudguards | Roof Rails | SET Digital Portfolio | TOYOGUARD Platinum
2023-12-27,5TDYRKEC0RS48E239,2024,Sienna XLE,Available,False,Factory to port,46959,Ruby Flare Pearl [extra_cost_color],Chataeu Embossed Softex® [softex],32,Miracle Toyota,https://www.miracletoyota.com,False,50 State Emissions | 6-Gallons of Gas | Carpet Floor Mats | Illuminated Door Sills | Mudguards | Paint Protection Film - Hood & Door Package | Phone Cable Charge Package | Roof Rails | SET Digital Portfolio | SPECIAL COLOR | TOYOGUARD Platinum
2023-12-31,5TDYRKEC0RS48F018,2024,Sienna XLE,DealerHold,False,Factory to port,45278,Predawn Gray Mica,Graphite Embossed Softex® [softex],101,Bev Smith Toyota,https://www.bevsmithtoyota.com,False,50 State Emissions | 6-Gallons of Gas | Illuminated Door Sills | Mudguards | Roof Rails | SET Digital Portfolio | TOYOGUARD Platinum
2023-12-25,5TDYRKEC0RS48F102,2024,Sienna XLE,Available,False,Factory to port,45278,Celestial Silver Metallic,Graphite Embossed Softex® [softex],194,Toyota of North Miami,https://www.toyotaofnorthmiami.com,False,50 State Emissions | 6-Gallons of Gas | Illuminated Door Sills | Mudguards | Roof Rails | SET Digital Portfolio | TOYOGUARD Platinum
2023-11-25,5TDYRKEC1RS183295,2024,Sienna XLE,Available,False,At dealer,46966,Celestial Silver Metallic,Graphite Embossed Softex® [softex],187,I-95 Toyota of Brunswick,https://www.i95toyota.com,False,50 State Emissions | 6-Gallons of Gas | All Weather Floor Mats | All Weather Tri-Fold Cargo Liner | Cross Bars | Illuminated Door Sills | Mudguards | Paint Protection Film - Hood & Door Package | Phone Cable Charge Package | Roof Rails | SET Digital Portfolio | TOYOGUARD Platinum
2023-12-04,5TDYRKEC1RS184589,2024,Sienna XLE,,False,At dealer,44829,Predawn Gray Mica,Graphite Embossed Softex® [softex],33,Phillips Toyota,https://www.phillipstoyota.com,False,50 State Emissions | 6-Gallons of Gas | Mudguards | Roof Rails | SET Digital Portfolio | TOYOGUARD Platinum
2023-12-18,5TDYRKEC1RS185547,2024,Sienna XLE,DealerHold,False,Factory to port,46035,Predawn Gray Mica,Chataeu Embossed Softex® [softex],166,Ed Morse Delray Toyota,https://www.delraytoyota.com,False,50 State Emissions | 6-Gallons of Gas | All Weather Floor Mats | Clear Paint Protection - Door Package | Illuminated Door Sills | Mudguards | Phone Cable Charge Package | Roof Rails | SET Digital Portfolio | TOYOGUARD Platinum
2023-12-25,5TDYRKEC1RS186035,2024,Sienna XLE,DealerHold,False,Factory to port,44829,Celestial Silver Metallic,Graphite Embossed Softex® [softex],172,Al Hendrickson Toyota,https://www.alhendricksontoyota.com,False,50 State Emissions | 6-Gallons of Gas | Mudguards | Roof Rails | SET Digital Portfolio | TOYOGUARD Platinum
2023-12-18,5TDYRKEC2RS185704,2024,Sienna XLE,DealerHold,False,Factory to port,46255,Predawn Gray Mica,Graphite Embossed Softex® [softex],72,Courtesy Toyota,https://www.courtesytoyota.com,False,50 State Emissions | 6-Gallons of Gas | All Weather Floor Mats | All Weather Tri-Fold Cargo Liner | Mudguards | Paint Protection Film - Hood & Door Package | Roof Rails | SET Digital Portfolio | TOYOGUARD Platinum
2023-12-23,5TDYRKEC2RS185895,2024,Sienna XLE,DealerHold,False,Factory to port,45707,Predawn Gray Mica,Graphite Embossed Softex® [softex],172,Al Hendrickson Toyota,https://www.alhendricksontoyota.com,False,50 State Emissions | 6-Gallons of Gas | Carpet Floor Mats | Illuminated Door Sills | Mudguards | Roof Rails | SET Digital Portfolio | TOYOGUARD Platinum
2023-12-31,5TDYRKEC2RS48D707,2024,Sienna XLE,Available,False,Factory to port,46035,Cypress,Graphite Embossed Softex® [softex],137,I-75 Toyota of Lake City,https://www.i75toyota.com,False,50 State Emissions | 6-Gallons of Gas | Carpet Floor Mats | Clear Paint Protection - Door Package | Illuminated Door Sills | Mudguards | Phone Cable Charge Package | Roof Rails | SET Digital Portfolio | TOYOGUARD Platinum
2023-12-25,5TDYRKEC2RS48D867,2024,Sienna XLE,DealerHold,False,Factory to port,45254,Wind Chill Pearl [extra_cost_color],Graphite Embossed Softex® [softex],137,AutoNation Toyota Fort Myers,https://www.autonationtoyotafortmyers.com,True,50 State Emissions | 6-Gallons of Gas | Mudguards | Roof Rails | SET Digital Portfolio | SPECIAL COLOR | TOYOGUARD Platinum
2023-12-30,5TDYRKEC3RS184271,2024,Sienna XLE,Available,False,Factory to port,45527,Predawn Gray Mica,Chataeu Embossed Softex® [softex],194,Toyota of North Miami,https://www.toyotaofnorthmiami.com,False,50 State Emissions | 6-Gallons of Gas | Clear Paint Protection - Door Package | Illuminated Door Sills | Mudguards | Roof Rails | SET Digital Portfolio | TOYOGUARD Platinum
2023-12-11,5TDYRKEC3RS185260,2024,Sienna XLE,Available,False,Factory to port,45257,Midnight Black Metallic,Graphite Embossed Softex® [softex],37,Mike Erdman Toyota,https://www.mikeerdmantoyota.com,False,50 State Emissions | 6-Gallons of Gas | All Weather Floor Mats | All Weather Tri-Fold Cargo Liner | Illuminated Door Sills | Mudguards | Roof Rails | SET Digital Portfolio
2023-12-23,5TDYRKEC3RS185887,2024,Sienna XLE,Available,False,Factory to port,45157,Predawn Gray Mica,Graphite Embossed Softex® [softex],64,DeLuca Toyota,https://www.delucatoyota.com,False,50 State Emissions | 6-Gallons of Gas | Clear Paint Protection - Door Package | Mudguards | Phone Cable Charge Package | Roof Rails | SET Digital Portfolio | TOYOGUARD Platinum
2023-12-25,5TDYRKEC3RS48E185,2024,Sienna XLE,Available,False,Factory to port,46344,Celestial Silver Metallic,Chataeu Embossed Softex® [softex],112,Coggin Toyota at the Avenues,https://www.coggintoyota.com,False,50 State Emissions | 6-Gallons of Gas | Clear Paint Protection - Door Package | Clear Paint Protection - Full Hood Package | Cross Bars | Illuminated Door Sills | Mudguards | Phone Cable Charge Package | Roof Rails | SET Digital Portfolio | TOYOGUARD Platinum
2023-12-31,5TDYRKEC3RS48E820,2024,Sienna XLE,Available,False,Factory to port,45258,Predawn Gray Mica,Graphite Embossed Softex® [softex],208,Kendall Toyota,https://www.kendalltoyota.com,False,50 State Emissions | 6-Gallons of Gas | All Weather Floor Mats | Mudguards | Roof Rails | SET Digital Portfolio | TOYOGUARD Platinum
2023-11-11,5TDYRKEC4RS182092,2024,Sienna XLE,Available,False,At dealer,44055,Midnight Black Metallic,Graphite Embossed Softex® [softex],116,Keith Pierson Toyota,https://www.keithpiersontoyota.com,False,50 State Emissions | 6-Gallons of Gas | Roof Rails | SET Digital Portfolio | Temporary Spare Tire
2023-12-18,5TDYRKEC4RS185672,2024,Sienna XLE,Available,False,Factory to port,45656,Celestial Silver Metallic,Chataeu Embossed Softex® [softex],123,Arlington Toyota,https://www.arlingtontoyota.com,False,50 State Emissions | 6-Gallons of Gas | Mudguards | Paint Protection Film - Hood & Door Package | Phone Cable Charge Package | Roof Rails | SET Digital Portfolio | TOYOGUARD Platinum
2023-12-31,5TDYRKEC4RS48E678,2024,Sienna XLE,Available,False,Factory to port,45606,Sunset Bronze Mica,Graphite Embossed Softex® [softex],123,Butler Toyota Jacksonville,https://www.butlertoyotajacksonville.com,False,50 State Emissions | 6-Gallons of Gas | Clear Paint Protection - Door Package | Illuminated Door Sills | Mudguards | Phone Cable Charge Package | Roof Rails | SET Digital Portfolio | TOYOGUARD Platinum
2023-12-04,5TDYRKEC5RS184515,2024,Sienna XLE,Available,False,At dealer,46713,Wind Chill Pearl [extra_cost_color],Chataeu Embossed Softex® [softex],112,Coggin Toyota at the Avenues,https://www.coggintoyota.com,False,50 State Emissions | 6-Gallons of Gas | Clear Paint Protection - Door Package | Clear Paint Protection - Full Hood Package | Cross Bars | Illuminated Door Sills | Mudguards | Phone Cable Charge Package | Roof Rails | SET Digital Portfolio | SPECIAL COLOR | TOYOGUARD Platinum
2023-12-06,5TDYRKEC5RS184725,2024,Sienna XLE,DealerHold,False,At dealer,45975,Wind Chill Pearl [extra_cost_color],Graphite Embossed Softex® [softex],64,DeLuca Toyota,https://www.delucatoyota.com,False,50 State Emissions | 6-Gallons of Gas | Clear Paint Protection - Door Package | Illuminated Door Sills | Mudguards | Phone Cable Charge Package | Roof Rails | SET Digital Portfolio | SPECIAL COLOR | TOYOGUARD Platinum
2023-12-18,5TDYRKEC5RS185132,2024,Sienna XLE,,False,Factory to port,46530,Wind Chill Pearl [extra_cost_color],Chataeu Embossed Softex® [softex],73,Toyota of Tampa Bay,https://www.toyotaoftampabay.com,False,50 State Emissions | 6-Gallons of Gas | Clear Paint Protection - Door Package | Clear Paint Protection - Full Hood Package | Illuminated Door Sills | Mudguards | Phone Cable Charge Package | Roof Rails | SET Digital Portfolio | SPECIAL COLOR | TOYOGUARD Platinum
2023-12-11,5TDYRKEC5RS185437,2024,Sienna XLE,Available,False,Factory to port,46035,Sunset Bronze Mica,Chataeu Embossed Softex® [softex],194,Toyota of North Miami,https://www.toyotaofnorthmiami.com,False,50 State Emissions | 6-Gallons of Gas | All Weather Floor Mats | All Weather Tri-Fold Cargo Liner | Illuminated Door Sills | Mudguards | Phone Cable Charge Package | Roof Rails | SET Digital Portfolio | TOYOGUARD Platinum
2023-12-25,5TDYRKEC5RS48D989,2024,Sienna XLE,Available,False,Factory to port,44559,Predawn Gray Mica,Graphite Embossed Softex® [softex],18,Toyota of Clermont,https://www.toyotaofclermont.com,False,50 State Emissions | 6-Gallons of Gas | All Weather Floor Mats | Mudguards | Roof Rails | Southeast Toyota Distributor
2023-12-26,5TDYRKEC5RS48E169,2024,Sienna XLE,Available,False,Factory to port,45078,Predawn Gray Mica,Graphite Embossed Softex® [softex],86,Sun Toyota,https://www.suntoyota.com,False,50 State Emissions | 6-Gallons of Gas | Clear Paint Protection - Door Package | Mudguards | Roof Rails | SET Digital Portfolio | TOYOGUARD Platinum
2023-12-26,5TDYRKEC5RS48E351,2024,Sienna XLE,Available,False,Factory to port,45078,Celestial Silver Metallic,Chataeu Embossed Softex® [softex],86,Sun Toyota,https://www.suntoyota.com,False,50 State Emissions | 6-Gallons of Gas | Clear Paint Protection - Door Package | Mudguards | Roof Rails | SET Digital Portfolio | TOYOGUARD Platinum
2024-02-14,5TDYRKEC5RS48E947,2024,Sienna XLE,Available,False,Factory to port,46021,Ruby Flare Pearl [extra_cost_color],Chataeu Embossed Softex® [softex],188,Toyota of Hollywood,https://www.toyotaofhollywood.com,True,50 State Emissions | 6-Gallons of Gas | Cross Bars | Illuminated Door Sills | Mudguards | Phone Cable Charge Package | Roof Rails | SET Digital Portfolio | SPECIAL COLOR | TOYOGUARD Platinum
2023-12-18,5TDYRKEC6RS185110,2024,Sienna XLE,Available,False,Factory to port,46274,Celestial Silver Metallic,Chataeu Embossed Softex® [softex],63,Wesley Chapel Toyota,https://www.wesleychapeltoyota.com,False,50 State Emissions | 6-Gallons of Gas | Carpet Floor Mats | Clear Paint Protection - Door Package | Cross Bars | Illuminated Door Sills | Mudguards | Phone Cable Charge Package | Roof Rails | SET Digital Portfolio | TOYOGUARD Platinum
2023-12-23,5TDYRKEC6RS186189,2024,Sienna XLE,Available,False,Factory to port,46344,Midnight Black Metallic,Graphite Embossed Softex® [softex],112,Coggin Toyota at the Avenues,https://www.coggintoyota.com,False,50 State Emissions | 6-Gallons of Gas | Clear Paint Protection - Door Package | Clear Paint Protection - Full Hood Package | Cross Bars | Illuminated Door Sills | Mudguards | Phone Cable Charge Package | Roof Rails | SET Digital Portfolio | TOYOGUARD Platinum
2023-12-31,5TDYRKEC6RS48D953,2024,Sienna XLE,Available,False,Factory to port,44984,Wind Chill Pearl [extra_cost_color],Graphite Embossed Softex® [softex],4,Toyota of Orlando,https://www.toyotaoforlando.com,False,50 State Emissions | 6-Gallons of Gas | Carpet Floor Mats | Mudguards | Roof Rails | SPECIAL COLOR | Southeast Toyota Distributor
2023-12-11,5TDYRKEC7RS185195,2024,Sienna XLE,Available,False,Factory to port,45857,Ruby Flare Pearl [extra_cost_color],Graphite Embossed Softex® [softex],97,Gatorland Toyota,https://www.gatorlandtoyota.com,False,50 State Emissions | 6-Gallons of Gas | Illuminated Door Sills | Mudguards | Phone Cable Charge Package | Roof Rails | SET Digital Portfolio | SPECIAL COLOR | TOYOGUARD Platinum | Temporary Spare Tire
2023-12-07,5TDYRKEC7RS185214,2024,Sienna XLE,,False,At dealer,46049,Blueprint,Graphite Embossed Softex® [softex],73,Toyota of Tampa Bay,https://www.toyotaoftampabay.com,False,50 State Emissions | 6-Gallons of Gas | Clear Paint Protection - Door Package | Clear Paint Protection - Full Hood Package | Illuminated Door Sills | Mudguards | Phone Cable Charge Package | Roof Rails | SET Digital Portfolio | TOYOGUARD Platinum
2023-12-18,5TDYRKEC7RS185567,2024,Sienna XLE,DealerHold,False,Factory to port,45059,Wind Chill Pearl [extra_cost_color],Graphite Embossed Softex® [softex],192,Headquarter Toyota,https://www.headquartertoyota.com,False,50 State Emissions | 6-Gallons of Gas | Carpet Floor Mats | Mudguards | Roof Rails | SPECIAL COLOR | Southeast Toyota Distributor | Temporary Spare Tire
2023-12-23,5TDYRKEC7RS186055,2024,Sienna XLE,DealerHold,False,Factory to port,46381,Wind Chill Pearl [extra_cost_color],Graphite Embossed Softex® [softex],72,Courtesy Toyota,https://www.courtesytoyota.com,False,50 State Emissions | 6-Gallons of Gas | Carpet Floor Mats | Clear Paint Protection - Door Package | Illuminated Door Sills | Mudguards | Roof Rails | SET Digital Portfolio | SPECIAL COLOR | TOYOGUARD Platinum
2023-12-25,5TDYRKEC7RS186279,2024,Sienna XLE,Available,False,Factory to port,44829,Celestial Silver Metallic,Chataeu Embossed Softex® [softex],137,AutoNation Toyota Fort Myers,https://www.autonationtoyotafortmyers.com,True,50 State Emissions | 6-Gallons of Gas | Mudguards | Roof Rails | SET Digital Portfolio | TOYOGUARD Platinum
2023-12-25,5TDYRKEC7RS48E660,2024,Sienna XLE,Available,False,Factory to port,45087,Midnight Black Metallic,Graphite Embossed Softex® [softex],75,Village Cadillac-Toyota,https://www.villagetoyota.com,False,50 State Emissions | 6-Gallons of Gas | Carpet Floor Mats | Illuminated Door Sills | Mudguards | Phone Cable Charge Package | Roof Rails | SET Digital Portfolio
2023-12-31,5TDYRKEC7RS48E836,2024,Sienna XLE,DealerHold,False,Factory to port,46035,Celestial Silver Metallic,Chataeu Embossed Softex® [softex],218,South Dade Toyota,https://www.southdadetoyota.com,True,50 State Emissions | 6-Gallons of Gas | All Weather Floor Mats | All Weather Tri-Fold Cargo Liner | Illuminated Door Sills | Mudguards | Phone Cable Charge Package | Roof Rails | SET Digital Portfolio | TOYOGUARD Platinum
2023-12-18,5TDYRKEC8RS185691,2024,Sienna XLE,Available,False,Factory to port,46344,Midnight Black Metallic,Graphite Embossed Softex® [softex],112,Coggin Toyota at the Avenues,https://www.coggintoyota.com,False,50 State Emissions | 6-Gallons of Gas | Clear Paint Protection - Door Package | Clear Paint Protection - Full Hood Package | Cross Bars | Illuminated Door Sills | Mudguards | Phone Cable Charge Package | Roof Rails | SET Digital Portfolio | TOYOGUARD Platinum
2023-12-30,5TDYRKEC8RS48E036,2024,Sienna XLE,DealerHold,False,Factory to port,45956,Celestial Silver Metallic,Graphite Embossed Softex® [softex],72,Courtesy Toyota,https://www.courtesytoyota.com,False,50 State Emissions | 6-Gallons of Gas | Carpet Floor Mats | Clear Paint Protection - Door Package | Illuminated Door Sills | Mudguards | Roof Rails | SET Digital Portfolio | TOYOGUARD Platinum
2023-12-27,5TDYRKEC8RS48E263,2024,Sienna XLE,Available,False,Factory to port,46534,Sunset Bronze Mica,Graphite Embossed Softex® [softex],172,Al Hendrickson Toyota,https://www.alhendricksontoyota.com,False,50 State Emissions | 6-Gallons of Gas | Carpet Floor Mats | Illuminated Door Sills | Mudguards | Paint Protection Film - Hood & Door Package | Phone Cable Charge Package | Roof Rails | SET Digital Portfolio | TOYOGUARD Platinum
2023-12-25,5TDYRKEC8RS48E425,2024,Sienna XLE,Available,False,Factory to port,44984,Wind Chill Pearl [extra_cost_color],Chataeu Embossed Softex® [softex],4,Toyota of Orlando,https://www.toyotaoforlando.com,False,50 State Emissions | 6-Gallons of Gas | Carpet Floor Mats | Mudguards | Roof Rails | SPECIAL COLOR | Southeast Toyota Distributor
2023-12-19,5TDYRKEC9RS185859,2024,Sienna XLE,Available,False,Factory to port,46285,Celestial Silver Metallic,Chataeu Embossed Softex® [softex],147,Southern 441 Toyota,https://www.southern441toyota.com,False,50 State Emissions | 6-Gallons of Gas | All Weather Floor Mats | Dashcam | Illuminated Door Sills | Mudguards | Phone Cable Charge Package | Roof Rails | Southeast Toyota Distributor | TOYOGUARD Platinum
2023-12-30,5TDYRKEC9RS48F101,2024,Sienna XLE,Available,True,Factory to port,44555,Wind Chill Pearl [extra_cost_color],Chataeu Embossed Softex® [softex],5,AutoNation Toyota Winter Park,https://www.autonationtoyotawinterpark.com,True,50 State Emissions | 6-Gallons of Gas | Mudguards | Roof Rails | SET Digital Portfolio | SPECIAL COLOR
2023-11-15,5TDYRKECXRS181898,2024,Sienna XLE,Available,False,At dealer,46281,Wind Chill Pearl [extra_cost_color],Chataeu Embossed Softex® [softex],78,Gettel Stadium Toyota,https://www.stadiumtoyota.com,False,50 State Emissions | 6-Gallons of Gas | Carpet Floor Mats | Paint Protection Film - Hood & Door Package | Roof Rails | SET Digital Portfolio | SPECIAL COLOR | TOYOGUARD Platinum
2023-11-19,5TDYRKECXRS183568,2024,Sienna XLE,DealerHold,False,At dealer,45031,Celestial Silver Metallic,Graphite Embossed Softex® [softex],144,Earl Stewart Toyota of North Palm Beach,https://www.earlstewarttoyota.com,True,50 State Emissions | 6-Gallons of Gas | Carpet Floor Mats | Illuminated Door Sills | Mudguards | Phone Cable Charge Package | Roof Rails | SET Digital Portfolio
2023-12-12,5TDYRKECXRS184929,2024,Sienna XLE,Available,False,Factory to port,45786,Celestial Silver Metallic,Chataeu Embossed Softex® [softex],119,Gettel Toyota of Charlotte County,https://www.getteltoyotaofcharlottecounty.com,False,50 State Emissions | 6-Gallons of Gas | Carpet Floor Mats | Illuminated Door Sills | Mudguards | Phone Cable Charge Package | Roof Rails | SET Digital Portfolio | TOYOGUARD Platinum
2023-12-17,5TDYRKECXRS185630,2024,Sienna XLE,DealerHold,False,Factory to port,46530,Wind Chill Pearl [extra_cost_color],Graphite Embossed Softex® [softex],86,Sun Toyota,https://www.suntoyota.com,False,50 State Emissions | 6-Gallons of Gas | Clear Paint Protection - Door Package | Clear Paint Protection - Full Hood Package | Illuminated Door Sills | Mudguards | Phone Cable Charge Package | Roof Rails | SET Digital Portfolio | SPECIAL COLOR | TOYOGUARD Platinum
2023-12-20,5TDYRKECXRS186003,2024,Sienna XLE,Available,False,Factory to port,46081,Wind Chill Pearl [extra_cost_color],Graphite Embossed Softex® [softex],173,Toyota of Deerfield Beach,https://www.toyotaofdeerfieldbeach.com,False,50 State Emissions | 6-Gallons of Gas | Mudguards | Paint Protection Film - Hood & Door Package | Phone Cable Charge Package | Roof Rails | SET Digital Portfolio | SPECIAL COLOR | TOYOGUARD Platinum
2023-12-23,5TDYRKECXRS186163,2024,Sienna XLE,Available,False,Factory to port,45656,Predawn Gray Mica,Graphite Embossed Softex® [softex],173,Toyota of Deerfield Beach,https://www.toyotaofdeerfieldbeach.com,False,50 State Emissions | 6-Gallons of Gas | Mudguards | Paint Protection Film - Hood & Door Package | Phone Cable Charge Package | Roof Rails | SET Digital Portfolio | TOYOGUARD Platinum
2023-12-25,5TDYRKECXRS48D938,2024,Sienna XLE,,False,Factory to port,45782,Wind Chill Pearl [extra_cost_color],Chataeu Embossed Softex® [softex],89,Beaver Toyota of St. Augustine,https://www.beavertoyotastaugustine.com,True,50 State Emissions | 6-Gallons of Gas | Illuminated Door Sills | Mudguards | Phone Cable Charge Package | Roof Rails | SET Digital Portfolio | SPECIAL COLOR | TOYOGUARD Platinum
2023-12-24,5TDZRKEC0RS186290,2024,Sienna Limited,Available,False,Factory to port,50930,Cypress,Graphite Leather,5,AutoNation Toyota Winter Park,https://www.autonationtoyotawinterpark.com,True,50 State Emissions | 6-Gallons of Gas | Mudguards | SET Digital Portfolio
2023-12-20,5TDZRKEC2RS185786,2024,Sienna Limited,Available,False,Factory to port,53260,Wind Chill Pearl [extra_cost_color],Graphite Leather,218,South Dade Toyota,https://www.southdadetoyota.com,True,50 State Emissions | 6-Gallons of Gas | All Weather Floor Mats | All Weather Tri-Fold Cargo Liner | Illuminated Door Sills | Mudguards | Phone Cable Charge Package | SET Digital Portfolio | SPECIAL COLOR | TOYOGUARD Platinum
2023-12-27,5TDZRKEC4RS48D728,2024,Sienna Limited,DealerHold,False,Factory to port,52136,Predawn Gray Mica,Graphite Leather,112,Coggin Toyota at the Avenues,https://www.coggintoyota.com,False,50 State Emissions | 6-Gallons of Gas | All Weather Floor Mats | Clear Paint Protection - Door Package | Illuminated Door Sills | Mudguards | Phone Cable Charge Package | SET Digital Portfolio
2023-12-26,5TDZRKEC4RS48E071,2024,Sienna Limited,Available,False,Factory to port,55134,Midnight Black Metallic,Chateau Leather,123,Butler Toyota Jacksonville,https://www.butlertoyotajacksonville.com,False,1500W Inverter with Two 120V AC Outlets | 50 State Emissions | 6-Gallons of Gas | Clear Paint Protection - Door Package | Clear Paint Protection - Full Hood Package | Cross Bars | Digital Rear View Mirror with Homelink | Illuminated Door Sills | Mudguards | Phone Cable Charge Package | Rear Seat Entertainment System- | SET Digital Portfolio | TOYOGUARD Platinum | Temporary Spare Tire
2023-12-25,5TDZRKEC6RS186245,2024,Sienna Limited,Available,False,Factory to port,53769,Wind Chill Pearl [extra_cost_color],Graphite Leather,112,Coggin Toyota at the Avenues,https://www.coggintoyota.com,False,1500W Inverter with Two 120V AC Outlets | 50 State Emissions | 6-Gallons of Gas | Mudguards | Rear Seat Entertainment System- | SPECIAL COLOR | Southeast Toyota Distributor | TOYOGUARD Platinum
2023-12-18,5TDZRKEC7RS185301,2024,Sienna Limited,DealerHold,False,Factory to port,53619,Predawn Gray Mica,Graphite Leather,33,Phillips Toyota,https://www.phillipstoyota.com,False,1500W Inverter with Two 120V AC Outlets | 50 State Emissions | 6-Gallons of Gas | Digital Rear View Mirror with Homelink | Mudguards | Rear Seat Entertainment System- | SET Digital Portfolio | TOYOGUARD Platinum | Temporary Spare Tire
2023-12-30,5TDZRKEC8RS48E140,2024,Sienna Limited,Available,False,Factory to port,53330,Wind Chill Pearl [extra_cost_color],Graphite Leather,123,Arlington Toyota,https://www.arlingtontoyota.com,False,50 State Emissions | 6-Gallons of Gas | Illuminated Door Sills | Mudguards | Paint Protection Film - Hood & Door Package | Phone Cable Charge Package | SET Digital Portfolio | SPECIAL COLOR | TOYOGUARD Platinum
2023-12-31,5TDZRKEC8RS48E350,2024,Sienna Limited,Available,False,Factory to port,52303,Wind Chill Pearl [extra_cost_color],Chateau Leather,86,Sun Toyota,https://www.suntoyota.com,False,50 State Emissions | 6-Gallons of Gas | Clear Paint Protection - Door Package | Mudguards | SET Digital Portfolio | SPECIAL COLOR | TOYOGUARD Platinum
2023-12-24,5TDZRKEC9RS186210,2024,Sienna Limited,Available,False,Factory to port,54550,Midnight Black Metallic,Chateau Leather,137,I-75 Toyota of Lake City,https://www.i75toyota.com,False,1500W Inverter with Two 120V AC Outlets | 50 State Emissions | 6-Gallons of Gas | Carpet Floor Mats | Clear Paint Protection - Door Package | Illuminated Door Sills | Mudguards | Phone Cable Charge Package | Rear Seat Entertainment System- | SET Digital Portfolio | TOYOGUARD Platinum
2023-12-25,5TDZRKEC9RS48E566,2024,Sienna Limited,Available,False,Factory to port,54801,Wind Chill Pearl [extra_cost_color],Graphite Leather,50,Daytona Toyota,https://www.daytonatoyota.com,False,1500W Inverter with Two 120V AC Outlets | 50 State Emissions | 6-Gallons of Gas | Carpet Floor Mats | Clear Paint Protection - Door Package | Digital Rear View Mirror with Homelink | Mudguards | Phone Cable Charge Package | Rear Seat Entertainment System- | SET Digital Portfolio | SPECIAL COLOR | TOYOGUARD Platinum | Temporary Spare Tire
2023-12-30,5TDZSKFC1RS48E497,2024,Sienna Limited,Available,False,Factory to port,56356,Blueprint,Graphite Leather,37,Mike Erdman Toyota,https://www.mikeerdmantoyota.com,False,1500W Inverter with Two 120V AC Outlets | 50 State Emissions | 6-Gallons of Gas | Clear Paint Protection - Door Package | Cross Bars | Digital Rear View Mirror with Homelink | Illuminated Door Sills | Mudguards | Rear Seat Entertainment System- | SET Digital Portfolio | TOYOGUARD Platinum | Temporary Spare Tire: Removes 2nd-Row
2023-12-25,5TDZSKFC8RS48D850,2024,Sienna Limited,DealerHold,False,Factory to port,56934,Celestial Silver Metallic,Graphite Leather,112,Coggin Toyota at the Avenues,https://www.coggintoyota.com,False,1500W Inverter with Two 120V AC Outlets | 50 State Emissions | 6-Gallons of Gas | Clear Paint Protection - Door Package | Clear Paint Protection - Full Hood Package | Cross Bars | Digital Rear View Mirror with Homelink | Illuminated Door Sills | Mudguards | Phone Cable Charge Package | Rear Seat Entertainment System- | SET Digital Portfolio | TOYOGUARD Platinum | Temporary Spare Tire: Removes 2nd-Row
2023-12-31,5TDZSKFCXRS48D963,2024,Sienna Limited,DealerHold,False,Factory to port,55868,Sunset Bronze Mica,Graphite Leather,101,Bev Smith Toyota,https://www.bevsmithtoyota.com,False,1500W Inverter with Two 120V AC Outlets | 50 State Emissions | 6-Gallons of Gas | Digital Rear View Mirror with Homelink | Illuminated Door Sills | Mudguards | Rear Seat Entertainment System- | SET Digital Portfolio | TOYOGUARD Platinum | Temporary Spare Tire: Removes 2nd-Row
